year,make,model,mileage,title_status,location,engine,drivetrain,transmission,body_style,exterior_color,interior_color,num_modifications,sale_price,date,url,has_forced_induction,state
2015,BMW,F8X M4,94300,Clean,"Boca Raton, FL 33432",3.0L Turbocharged I6,Rear-wheel drive,Automatic (7-Speed),Convertible,Black Sapphire Metallic,Sonoma Beige,3,21250,3/19/26,https://carsandbids.com/auctions/3OYAJeak/2015-bmw-m4-convertible,1,FL
2015,BMW,F8X M4,53100,Clean,"Hayward, CA 94545",3.0L Turbocharged I6,Rear-wheel drive,Automatic (7-Speed),Coupe,Alpine White,Black,0,33750,3/11/26,https://carsandbids.com/auctions/9Qa4AYnY/2015-bmw-m4-coupe,1,CA
2017,BMW,F8X M4,90000,Clean,"Davenport, FL 33837",3.0L Turbocharged I6,Rear-wheel drive,Automatic (7-Speed),Coupe,Black Sapphire Metallic,Black,0,30000,3/4/26,https://carsandbids.com/auctions/rMGO8qa3/2017-bmw-m4-coupe-competition-package,1,FL
2018,BMW,F8X M4,99100,Clean,"Union, NJ 07083",3.0L Turbocharged I6,Rear-wheel drive,Automatic (7-Speed),Coupe,Black Sapphire Metallic,Sakhir Orange,10,26750,2/25/26,https://carsandbids.com/auctions/KPaOWpl2/2018-bmw-m4-coupe,1,NJ
2018,BMW,F8X M4,38000,Clean,"Los Angeles, CA 90025",3.0L Turbocharged I6,Rear-wheel drive,Automatic (7-Speed),Coupe,Mineral Gray Metallic,Black,0,46000,2/10/26,https://carsandbids.com/auctions/rGMVmp5O/2018-bmw-m4-coupe,1,CA
2015,BMW,F8X M4,76800,Clean,"Danville, CA 94526",3.0L Turbocharged I6,Rear-wheel drive,Automatic (7-Speed),Coupe,Mineral White Metallic,Black,29,28850,2/6/26,https://carsandbids.com/auctions/KDD50X7E/2015-bmw-m4-coupe,1,CA
2018,BMW,F8X M4,16200,Clean,"Suwanee, GA 30024",3.0L Turbocharged I6,Rear-wheel drive,Manual (6-Speed),Coupe,Tanzanite Blue Metallic,Black,2,53500,1/20/26,https://carsandbids.com/auctions/3040WgG1/2018-bmw-m4-coupe-competition-package,1,GA
2018,BMW,F8X M4,20300,Clean,"Silver Spring, MD 20906",3.0L Turbocharged I6,Rear-wheel drive,Manual (6-Speed),Coupe,Black Sapphire Metallic,Black,0,48000,1/13/26,https://carsandbids.com/auctions/9ekJAZok/2018-bmw-m4-coupe-competition-package,1,MD
2016,BMW,F8X M4,81300,Clean,"San Jose, CA 95112",3.0L Turbocharged I6,Rear-wheel drive,Automatic (7-Speed),Convertible,Austin Yellow Metallic,Black,28,28000,1/8/26,https://carsandbids.com/auctions/9Ab482bz/2016-bmw-m4-convertible,1,CA
2020,BMW,F8X M4,24900,Clean,"Murfreesboro, TN 37129",3.0L Turbocharged I6,Rear-wheel drive,Automatic (7-Speed),Convertible,San Marino Blue Metallic,Silverstone,3,50000,12/19/25,https://carsandbids.com/auctions/35vq5DwB/2020-bmw-m4-convertible-competition-package,1,TN
2015,BMW,F8X M4,50800,Clean,"Cumming, GA 30041",3.0L Turbocharged I6,Rear-wheel drive,Automatic (7-Speed),Convertible,Mineral White Metallic,Sakhir Orange,0,24750,12/10/25,https://carsandbids.com/auctions/3gozZppo/2015-bmw-m4-convertible,1,GA
2016,BMW,F8X M4,63000,Clean,"Ottawa, ON, Canada",3.0L Turbocharged I6,Rear-wheel drive,Manual (6-Speed),Coupe,Black Sapphire Metallic,Silverstone,8,28000,12/3/25,https://carsandbids.com/auctions/9Wa6b4jR/2016-bmw-m4-coupe,1,ON
2016,BMW,F8X M4,10900,Clean,"Hermosa Beach, CA 90254",3.0L Turbocharged I6,Rear-wheel drive,Automatic (7-Speed),Coupe,Mineral Grey Metallic,Black,2,75500,11/10/25,https://carsandbids.com/auctions/9W14JgQq/2016-bmw-m4-gts,1,CA
2017,BMW,F8X M4,32700,Clean,"Castle Rock, CO 80108",3.0L Turbocharged I6,Rear-wheel drive,Automatic (7-Speed),Coupe,Sakhir Orange Metallic,Sakhir Orange,5,44500,10/23/25,https://carsandbids.com/auctions/K1lxJend/2017-bmw-m4-coupe-competition-package,1,CO
2015,BMW,F8X M4,64500,Clean,"Easton, PA 18042",3.0L Turbocharged I6,Rear-wheel drive,Automatic (7-Speed),Convertible,Mineral Gray Metallic,Sakhir Orange,19,27500,9/9/25,https://carsandbids.com/auctions/KPyjdqA2/2015-bmw-m4-convertible,1,PA
2017,BMW,F8X M4,53700,Clean,"Maplewood, NJ 07040",3.0L Turbocharged I6,Rear-wheel drive,Automatic (7-Speed),Convertible,Black Sapphire Metallic,Silverstone,0,31000,8/29/25,https://carsandbids.com/auctions/KdalJWab/2017-bmw-m4-convertible,1,NJ
2015,BMW,F8X M4,73400,Clean,"Minneapolis, MN 55438",3.0L Turbocharged I6,Rear-wheel drive,Manual (6-Speed),Convertible,Mineral Gray Metallic,Sonoma Beige,6,33750,7/14/25,https://carsandbids.com/auctions/3La68dOW/2015-bmw-m4-convertible,1,MN
2015,BMW,F8X M4,65400,Clean,"Atlanta, GA 30308",3.0L Turbocharged I6,Rear-wheel drive,Automatic (7-Speed),Convertible,Black Sapphire Metallic,Silverstone,0,29000,6/13/25,https://carsandbids.com/auctions/Kmp87mxN/2015-bmw-m4-convertible,1,GA
2015,BMW,F8X M4,7200,Clean,"Templeton, CA 93465",3.0L Turbocharged I6,Rear-wheel drive,Automatic (7-Speed),Coupe,Alpine White,Black,0,40500,5/30/25,https://carsandbids.com/auctions/rGMqYqQ2/2015-bmw-m4-coupe,1,CA
2018,BMW,F8X M4,78200,Clean,"Nipomo, CA 93444",3.0L Turbocharged I6,Rear-wheel drive,Automatic (7-Speed),Coupe,Mineral White Metallic,Black,0,35000,5/20/25,https://carsandbids.com/auctions/rxP4JwYO/2018-bmw-m4-coupe-competition-package,1,CA
2017,BMW,F8X M4,43500,Clean,"Ashburn, VA 20147",3.0L Turbocharged I6,Rear-wheel drive,Manual (6-Speed),Convertible,Sakhir Orange Metallic,Black,1,43000,5/19/25,https://carsandbids.com/auctions/3y7kgO6w/2017-bmw-m4-convertible,1,VA
2017,BMW,F8X M4,14900,Clean,"Reno, NV 89511",3.0L Turbocharged I6,Rear-wheel drive,Manual (6-Speed),Convertible,Alpine White,Black,2,45250,4/21/25,https://carsandbids.com/auctions/KV1R8b4M/2017-bmw-m4-convertible,1,NV
2020,BMW,F8X M4,23700,Clean,"North Richland Hills, TX 76180",3.0L Turbocharged I6,Rear-wheel drive,Automatic (7-Speed),Coupe,Mineral White Metallic,Silverstone,2,54600,4/7/25,https://carsandbids.com/auctions/KPL8YZLQ/2020-bmw-m4-coupe-competition-package,1,TX
2016,BMW,F8X M4,78400,Clean,"San Antonio, TX 78213",3.0L Turbocharged I6,Rear-wheel drive,Manual (6-Speed),Coupe,Black Sapphire Metallic,Black,5,28250,3/25/25,https://carsandbids.com/auctions/3gvDYABz/2016-bmw-m4-coupe,1,TX
2020,BMW,F8X M4,24700,Clean,"Croton-on-Hudson, NY 10520",3.0L Turbocharged I6,Rear-wheel drive,Automatic (7-Speed),Coupe,Alpine White,Sakhir Orange,8,44000,3/18/25,https://carsandbids.com/auctions/9eJ458VN/2020-bmw-m4-coupe-competition-package,1,NY
2016,BMW,F8X M4,34900,Clean,"Littleton, CO 80129",3.0L Turbocharged I6,Rear-wheel drive,Automatic (7-Speed),Convertible,Mineral Gray Metallic,Black,6,33751,3/4/25,https://carsandbids.com/auctions/3oE5lpEw/2016-bmw-m4-convertible,1,CO
2015,BMW,F8X M4,93300,Clean,"Evanston, IL 60201",3.0L Turbocharged I6,Rear-wheel drive,Automatic (7-Speed),Coupe,Mineral Grey Metallic,Black,7,28000,2/4/25,https://carsandbids.com/auctions/9ngb76mv/2015-bmw-m4-coupe,1,IL
2016,BMW,F8X M4,77600,Clean,"Las Cruces, NM 88012",3.0L Turbocharged I6,Rear-wheel drive,Automatic (7-Speed),Coupe,Black Sapphire Metallic,Black,7,33250,12/17/24,https://carsandbids.com/auctions/3R0ejdkv/2016-bmw-m4-coupe,1,NM
2016,BMW,F8X M4,66200,Clean,"Midway City, CA 92655",3.0L Turbocharged I6,Rear-wheel drive,Manual (6-Speed),Coupe,Yas Marina Blue,Sakhir Orange,18,34200,12/12/24,https://carsandbids.com/auctions/r4VxOMpP/2016-bmw-m4-coupe-competition-package,1,CA
2017,BMW,F8X M4,17300,Clean,"Hollywood, FL 33020",3.0L Turbocharged I6,Rear-wheel drive,Automatic (7-Speed),Coupe,Yas Marina Blue Metallic,Silverstone,9,44500,12/10/24,https://carsandbids.com/auctions/rN2vY0GE/2017-bmw-m4-coupe-competition-package,1,FL
2015,BMW,F8X M4,73800,Clean,"Fort Collins, CO 80524",3.0L Turbocharged I6,Rear-wheel drive,Manual (6-Speed),Coupe,Mineral Gray,Black,9,28500,11/25/24,https://carsandbids.com/auctions/3RvLkyPv/2015-bmw-m4-coupe,1,CO
2015,BMW,F8X M4,83000,Clean,"Duxbury, MA 02332",3.0L Turbocharged I6,Rear-wheel drive,Automatic (7-Speed),Convertible,Mondstein Metallic,Muscat,3,25500,11/15/24,https://carsandbids.com/auctions/3qxJQll4/2015-bmw-m4-convertible,1,MA
2020,BMW,F8X M4,25800,Clean,"Damascus, OR 97089",3.0L Turbocharged I6,Rear-wheel drive,Automatic (7-Speed),Coupe,Mineral White Metallic,Sakhir Orange,6,50000,11/5/24,https://carsandbids.com/auctions/9a52oJOX/2020-bmw-m4-coupe-competition-package,1,OR
2016,BMW,F8X M4,79500,Clean,"Miami, FL 33178",3.0L Turbocharged I6,Rear-wheel drive,Automatic (7-Speed),Convertible,Yas Marina Blue Metallic,Silverstone 2,4,26500,10/31/24,https://carsandbids.com/auctions/3RmLQEVD/2016-bmw-m4-convertible,1,FL
2016,BMW,F8X M4,43500,Clean,"Hendersonville, TN 37075",3.0L Turbocharged I6,Rear-wheel drive,Automatic (7-Speed),Coupe,Austin Yellow Metallic,Black,2,37000,10/22/24,https://carsandbids.com/auctions/36WYpEpW/2016-bmw-m4-coupe-competition-package,1,TN
2015,BMW,F8X M4,41500,Clean,"Fayetteville, AR 72703",3.0L Turbocharged I6,Rear-wheel drive,Manual (6-Speed),Coupe,Alpine White,Black,2,35500,10/18/24,https://carsandbids.com/auctions/rxnxeJ0z/2015-bmw-m4-coupe,1,AR
2015,BMW,F8X M4,62200,Clean,"Carmel Valley, CA 93924",3.0L Turbocharged I6,Rear-wheel drive,Automatic (7-Speed),Convertible,Alpine White,Black,1,32600,10/8/24,https://carsandbids.com/auctions/3vMkX5wk/2015-bmw-m4-convertible,1,CA
2015,BMW,F8X M4,122900,Clean,"North Brook, IL 60062",3.0L Turbocharged I6,Rear-wheel drive,Automatic (7-Speed),Coupe,Black Sapphire Metallic,Black,2,23160,9/30/24,https://carsandbids.com/auctions/3zV4kLk4/2015-bmw-m4,1,IL
2018,BMW,F8X M4,16900,Clean,"Universal City, TX 78150",3.0L Turbocharged I6,Rear-wheel drive,Manual (6-Speed),Convertible,Speed Yellow,Opal White,2,64500,9/27/24,https://carsandbids.com/auctions/KPjRLV42/2018-bmw-m4-convertible-competition-package,1,TX
2016,BMW,F8X M4,89000,Clean,"Issaquah, WA 98027",3.0L Turbocharged I6,Rear-wheel drive,Automatic (7-Speed),Convertible,Alpine White,Black,2,26250,9/11/24,https://carsandbids.com/auctions/K1D2lNOd/2016-bmw-m4-convertible,1,WA
2019,BMW,F8X M4,34700,Clean,"Lewisville, TX 75067",3.0L Turbocharged I6,Rear-wheel drive,Manual (6-Speed),Convertible,Mineral White Metallic,Silverstone,2,51500,9/5/24,https://carsandbids.com/auctions/K1l2BMYj/2019-bmw-m4-convertible-competition-package,1,TX
2015,BMW,F8X M4,42500,Clean,"Houston, TX 77044",3.0L Turbocharged I6,Rear-wheel drive,Automatic (7-Speed),Coupe,Yas Marina Blue,Black,19,40000,8/27/24,https://carsandbids.com/auctions/3L6mdvRZ/2015-bmw-m4-coupe,1,TX
2015,BMW,F8X M4,60300,Clean,"Los Gatos, CA 95032",3.0L Turbocharged I6,Rear-wheel drive,Automatic (7-Speed),Coupe,Mineral Grey Metallic,Black,9,31500,8/2/24,https://carsandbids.com/auctions/92AYgONA/2015-bmw-m4-coupe,1,CA
2015,BMW,F8X M4,51000,Clean,"Arlington Heights, IL 60005",3.0L Turbocharged I6,Rear-wheel drive,Automatic (7-Speed),Coupe,Yas Marina Blue Metallic,Sakhir Orange,14,31000,7/19/24,https://carsandbids.com/auctions/3R2eyoWq/2015-bmw-m4-coupe,1,IL
2018,BMW,F8X M4,120600,Clean,"Walnut Creek, CA 94598",3.0L Turbocharged I6,Rear-wheel drive,Automatic (7-Speed),Coupe,Black Sapphire Metallic,Black,1,25000,7/17/24,https://carsandbids.com/auctions/3OWZzeZ6/2018-bmw-m4-coupe-competition-package,1,CA
2015,BMW,F8X M4,82900,Clean,"Katy, TX 77494",3.0L Turbocharged I6,Rear-wheel drive,Automatic (7-Speed),Convertible,Black Sapphire Metallic,Black,16,29850,6/19/24,https://carsandbids.com/auctions/r4BaRjJg/2015-bmw-m4-convertible,1,TX
2017,BMW,F8X M4,42100,Clean,"Chandler, AZ 85226",3.0L Turbocharged I6,Rear-wheel drive,Manual (6-Speed),Coupe,Silverstone Metallic,Black,1,39750,5/22/24,https://carsandbids.com/auctions/rwXjJ4aN/2017-bmw-m4-coupe-competition-package,1,AZ
2015,BMW,F8X M4,55600,Clean,"Los Gatos, CA 95030",3.0L Turbocharged I6,Rear-wheel drive,Automatic (7-Speed),Coupe,Mineral Gray Metallic,Sakhir Orange,11,33000,5/8/24,https://carsandbids.com/auctions/KVNYXB5M/2015-bmw-m4-coupe,1,CA
2015,BMW,F8X M4,56500,Clean,"Duluth, GA 30096",3.0L Turbocharged I6,Rear-wheel drive,Automatic (7-Speed),Convertible,Azurite Black Metallic,Opal White,10,32750,4/30/24,https://carsandbids.com/auctions/3pBZ1ooW/2015-bmw-m4-convertible,1,GA
2016,BMW,F8X M4,72100,Clean,"San Antonio, TX 78232",3.0L Turbocharged I6,Rear-wheel drive,Manual (6-Speed),Coupe,Sakhir Orange Metallic,Cohiba Brown/Black,1,29750,4/19/24,https://carsandbids.com/auctions/rN1PygpX/2016-bmw-m4-coupe,1,TX
2018,BMW,F8X M4,47300,Clean,"Flushing, NY 11354",3.0L Turbocharged I6,Rear-wheel drive,Automatic (7-Speed),Coupe,Black Sapphire Metallic,Sakhir Orange/Black,10,43000,3/29/24,https://carsandbids.com/auctions/rkpMRamL/2018-bmw-m4-coupe-competition-package,1,NY
2018,BMW,F8X M4,17200,Clean,"Anaheim, CA 92805",3.0L Turbocharged I6,Rear-wheel drive,Automatic (7-Speed),Coupe,Smoked Topaz Metallic,Opal White,5,56350,3/15/24,https://carsandbids.com/auctions/rJ6NZ2BO/2018-bmw-m4-coupe-competition-package,1,CA
2015,BMW,F8X M4,105100,Clean,"Campbell, CA 95008",3.0L Turbocharged I6,Rear-wheel drive,Automatic (7-Speed),Coupe,Alpine White,Black/Anthracite,11,24000,3/13/24,https://carsandbids.com/auctions/3owEp1Xg/2015-bmw-m4-coupe,1,CA
2016,BMW,F8X M4,30400,Clean,"El Dorado Hills, CA 95762",3.0L Turbocharged I6,Rear-wheel drive,Automatic (7-Speed),Convertible,Silverstone Metallic,Silverstone,2,37500,3/7/24,https://carsandbids.com/auctions/3vJEzgAd/2016-bmw-m4-convertible,1,CA
2018,BMW,F8X M4,19700,Clean,"Chapel Hill, NC 27517",3.0L Turbocharged I6,Rear-wheel drive,Automatic (7-Speed),Coupe,Black Sapphire Metallic,Black,5,49000,2/20/24,https://carsandbids.com/auctions/98Owg07X/2018-bmw-m4-coupe-competition-package,1,NC
2015,BMW,F8X M4,45000,Clean,"Potomac, MD 20854",3.0L Turbocharged I6,Rear-wheel drive,Automatic (7-Speed),Convertible,Yas Marina Blue Metallic,Black,1,34750,2/5/24,https://carsandbids.com/auctions/rNBVZW7k/2015-bmw-m4-convertible,1,MD
2015,BMW,F8X M4,32600,Clean,"Orlando, FL 32832",3.0L Turbocharged I6,Rear-wheel drive,Automatic (7-Speed),Coupe,Mineral Gray Metallic,Silverstone,8,37250,1/22/24,https://carsandbids.com/auctions/9lk05eyE/2015-bmw-m4-coupe,1,FL
2016,BMW,F8X M4,78400,Clean,"San Jose, CA 95127",3.0L Turbocharged I6,Rear-wheel drive,Automatic (7-Speed),Convertible,Yas Marina Blue Metallic,Black,5,32000,12/7/23,https://carsandbids.com/auctions/r477peNp/2016-bmw-m4-convertible,1,CA
2018,BMW,F8X M4,3200,Clean,"Royersford, PA 19468",3.0L Turbocharged I6,Rear-wheel drive,Manual (6-Speed),Coupe,Tanzanite Blue Metallic,Black,2,57000,12/5/23,https://carsandbids.com/auctions/9WYp7djQ/2018-bmw-m4-coupe-competition-package,1,PA
2016,BMW,F8X M4,41100,Clean,"Clovis, NM 88101",3.0L Turbocharged I6,Rear-wheel drive,Manual (6-Speed),Coupe,Silverstone Metallic,Black,27,40000,11/16/23,https://carsandbids.com/auctions/3vWLy1YM/2016-bmw-m4-coupe,1,NM
2017,BMW,F8X M4,79800,Clean,"Vero Beach, FL 32968",3.0L Turbocharged I6,Rear-wheel drive,Automatic (7-Speed),Convertible,Yas Marina Blue Metallic,Silverstone,0,32500,10/31/23,https://carsandbids.com/auctions/3oRxPADw/2017-bmw-m4-convertible-competition-package,1,FL
2015,BMW,F8X M4,41000,Clean,"Kissimmee, FL 34758",3.0L Turbocharged I6,Rear-wheel drive,Automatic (7-Speed),Coupe,Mineral White Metallic,Sakhir Orange/Black,7,34500,10/6/23,https://carsandbids.com/auctions/37XnQPVZ/2015-bmw-m4-coupe,1,FL
2016,BMW,F8X M4,27200,Clean,"Hercules, CA 94547",3.0L Turbocharged I6,Rear-wheel drive,Manual (6-Speed),Convertible,Black Sapphire Metallic,Sakhir Orange,17,41750,10/4/23,https://carsandbids.com/auctions/302qbzMr/2016-bmw-m4-convertible,1,CA
2020,BMW,F8X M4,2200,Clean,"Saint Petersburg, FL 33702",3.0L Turbocharged I6,Rear-wheel drive,Manual (6-Speed),Coupe,Nardo Gray,Black,0,61555,9/27/23,https://carsandbids.com/auctions/30R2ZEbj/2020-bmw-m4-coupe-competition-package,1,FL
2018,BMW,F8X M4,24300,Clean,"Miami, FL 33132",3.0L Turbocharged I6,Rear-wheel drive,Automatic (7-Speed),Coupe,Mineral White Metallic,Black,4,52000,9/26/23,https://carsandbids.com/auctions/3OBxJEJm/2018-bmw-m4-coupe-competition-package,1,FL
2015,BMW,F8X M4,52000,Clean,"Pittsburgh, PA 15238",3.0L Turbocharged I6,Rear-wheel drive,Automatic (7-Speed),Coupe,Austin Yellow Metallic,Black,3,35000,9/19/23,https://carsandbids.com/auctions/98lxWELw/2015-bmw-m4-coupe,1,PA
2016,BMW,F8X M4,40500,Clean,"Redding, CA 96002",3.0L Turbocharged I6,Rear-wheel drive,Automatic (7-Speed),Coupe,Mineral White Metallic,Black,2,41250,9/15/23,https://carsandbids.com/auctions/KPakwMDQ/2016-bmw-m4-coupe,1,CA
2019,BMW,F8X M4,22000,Clean,"Grants Pass, OR 97526",3.0L Turbocharged I6,Rear-wheel drive,Automatic (7-Speed),Coupe,Alpine White,Anthracite,2,60000,9/5/23,https://carsandbids.com/auctions/30lN7pP1/2019-bmw-m4-cs,1,OR
2015,BMW,F8X M4,39400,Clean,"San Antonio, TX 78251",3.0L Turbocharged I6,Rear-wheel drive,Automatic (7-Speed),Convertible,Yas Marina Blue Metallic,Sakhir Orange,9,40710,8/22/23,https://carsandbids.com/auctions/92n477jQ/2015-bmw-m4-convertible,1,TX
2017,BMW,F8X M4,39000,Clean,"Fort Mill, SC 29715",3.0L Turbocharged I6,Rear-wheel drive,Automatic (7-Speed),Coupe,Silverstone Metallic,Black,9,44250,8/15/23,https://carsandbids.com/auctions/KY4PEAgE/2017-bmw-m4-coupe-competition-package,1,SC
2018,BMW,F8X M4,23900,Clean,"Lakebay, WA 98349",3.0L Turbocharged I6,Rear-wheel drive,Automatic (7-Speed),Convertible,Yas Marina Blue Metallic,Silverstone,13,57000,7/21/23,https://carsandbids.com/auctions/rw0E2vXM/2018-bmw-m4-convertible-competition-package,1,WA
2015,BMW,F8X M4,84800,Clean,"Daytona Beach, FL 32118",3.0L Turbocharged I6,Rear-wheel drive,Automatic (7-Speed),Convertible,Yas Marina Blue Metallic,Black,1,28250,7/14/23,https://carsandbids.com/auctions/rwyQLZ15/2015-bmw-m4-convertible,1,FL
2016,BMW,F8X M4,53100,Clean,"Washington, DC 20002",3.0L Turbocharged I6,Rear-wheel drive,Manual (6-Speed),Convertible,Silverstone Metallic,Black,7,41750,7/6/23,https://carsandbids.com/auctions/98OW71BQ/2016-bmw-m4-convertible,1,DC
2019,BMW,F8X M4,25900,Clean,"Duluth, GA 30096",3.0L Turbocharged I6,Rear-wheel drive,Automatic (7-Speed),Coupe,San Marino Blue,Black,1,60000,6/30/23,https://carsandbids.com/auctions/9nX1XdMl/2019-bmw-m4-cs,1,GA
2015,BMW,F8X M4,37500,Clean,"Salt Lake City, UT 84123",3.0L Turbocharged I6,Rear-wheel drive,Manual (6-Speed),Coupe,Mineral Grey Metallic,Black,3,42500,6/23/23,https://carsandbids.com/auctions/r454nxBn/2015-bmw-m4-coupe,1,UT
2015,BMW,F8X M4,52600,Clean,"Portland, OR 97220",3.0L Turbocharged I6,Rear-wheel drive,Automatic (7-Speed),Sedan,Black Sapphire Metallic,Black,0,37250,4/25/23,https://carsandbids.com/auctions/KDvgn55a/2015-bmw-m4-coupe,1,OR
2016,BMW,F8X M4,44500,Clean,"Middle Island, NY 11953",3.0L Turbocharged I6,Rear-wheel drive,Automatic (7-Speed),Coupe,Yas Marina Blue Metallic,Black,9,43000,4/5/23,https://carsandbids.com/auctions/Km2gdywN/2016-bmw-m4-coupe,1,NY
2018,BMW,F8X M4,12200,Clean,"Newport Beach, CA 92660",3.0L Turbocharged I6,Rear-wheel drive,Automatic (7-Speed),Coupe,Black Sapphire Metallic,Black,3,56000,3/27/23,https://carsandbids.com/auctions/KZBWoxxO/2018-bmw-m4-coupe-competition-package,1,CA
2018,BMW,F8X M4,35300,Clean,"Temecula, CA 92592",3.0L Turbocharged I6,Rear-wheel drive,Automatic (7-Speed),Coupe,Alpine White,Black,0,50500,3/9/23,https://carsandbids.com/auctions/92xw1OBx/2018-bmw-m4-coupe-competition-package,1,CA
2020,BMW,F8X M4,19700,Clean,"Pikesville, MD 21208",3.0L Turbocharged I6,Rear-wheel drive,Automatic (7-Speed),Coupe,Laguna Seca Blue,Black/Silver,1,56500,2/28/23,https://carsandbids.com/auctions/9AND4B58/2020-bmw-m4-coupe-m-heritage-edition,1,MD
2018,BMW,F8X M4,4700,Clean,"Jericho, NY 11753",3.0L Turbocharged I6,Rear-wheel drive,Automatic (7-Speed),Convertible,Black Sapphire Metallic,Black,2,59000,9/23/22,https://carsandbids.com/auctions/KP4PvnjL/2018-bmw-m4-convertible-competition-package,1,NY
2019,BMW,F8X M4,25500,Clean,"Orlando, FL 32819",3.0L Turbocharged I6,Rear-wheel drive,Automatic (7-Speed),Coupe,Dakar Yellow,Silverstone,6,64500,9/22/22,https://carsandbids.com/auctions/3gejjBGy/2019-bmw-m4-competition-package,1,FL
2015,BMW,F8X M4,38400,Clean,"Redding, CA 96003",3.0L Turbocharged I6,Rear-wheel drive,Automatic (7-Speed),Convertible,Yas Marina Blue,Black,3,41000,9/21/22,https://carsandbids.com/auctions/98QDXWRX/2015-bmw-m4-convertible,1,CA
2015,BMW,F8X M4,73600,Clean,"Santa Monica, CA 90403",3.0L Turbocharged I6,Rear-wheel drive,Manual (6-Speed),Coupe,Black Sapphire Metallic,Anthracite,2,34000,8/1/22,https://carsandbids.com/auctions/3y2B4Lgd/2015-bmw-m4-coupe,1,CA
2019,BMW,F8X M4,6700,Clean,"San Francisco, CA 94114",3.0L Turbocharged I6,Rear-wheel drive,Automatic (7-Speed),Coupe,Lime Rock Grey Metallic,Black,0,72150,6/27/22,https://carsandbids.com/auctions/3O7aa7Ma/2019-bmw-m4-cs,1,CA
2016,BMW,F8X M4,19000,Clean,"San Antonio, TX 78216",3.0L Turbocharged I6,Rear-wheel drive,Automatic (7-Speed),Convertible,Mineral Gray Metallic,Sakhir Orange/Black,0,48500,6/13/22,https://carsandbids.com/auctions/rkxGvwGW/2016-bmw-m4-convertible,1,TX
2016,BMW,F8X M4,24000,Clean,"Missouri City, TX 77459",3.0L Turbocharged I6,Rear-wheel drive,Automatic (7-Speed),Coupe,Mineral White,Black,7,46250,5/31/22,https://carsandbids.com/auctions/9nzzORD2/2016-bmw-m4-coupe,1,TX
2018,BMW,F8X M4,26800,Clean,"Lawrenceville, GA 30044",3.0L Turbocharged I6,Rear-wheel drive,Manual (6-Speed),Coupe,Yas Marina Blue,Black,3,56000,5/18/22,https://carsandbids.com/auctions/3oQzPO27/2018-bmw-m4-coupe-competition-package,1,GA
2015,BMW,F8X M4,31000,Clean,"Hendersonville, TN 37075",3.0L Turbocharged I6,Rear-wheel drive,Manual (6-Speed),Convertible,Yas Marina Blue Metallic,Silverstone II,2,48000,4/6/22,https://carsandbids.com/auctions/9XNjXARO/2015-bmw-m4-convertible,1,TN
2017,BMW,F8X M4,24200,Clean,"Lafayette, IN 47909",3.0L Turbocharged I6,Rear-wheel drive,Automatic (7-Speed),Coupe,Mineral White Metallic,Black,2,52000,4/1/22,https://carsandbids.com/auctions/rJl2amzv/2017-bmw-m4-coupe-competition-package,1,IN
2018,BMW,F8X M4,40200,Clean,"Moorpark, CA 93021",3.0L Turbocharged I6,Rear-wheel drive,Automatic (7-Speed),Coupe,Yas Marina Blue,Black,8,57000,1/14/22,https://carsandbids.com/auctions/r4Y8wVPp/2018-bmw-m4-coupe-competition-package,1,CA
2015,BMW,F8X M4,43000,Clean,"Murfreesboro, TN 37128",3.0L Turbocharged I6,Rear-wheel drive,Automatic (7-Speed),Coupe,Yas Marina Blue Metallic,Silverstone,10,45250,12/30/21,https://carsandbids.com/auctions/KPbMa4Rq/2015-bmw-m4-coupe,1,TN
2016,BMW,F8X M4,38700,Clean,"Pensacola, FL 32505",3.0L Turbocharged I6,Rear-wheel drive,Automatic (7-Speed),Coupe,Black Sapphire Metallic,Sakhir Orange,1,43250,9/27/21,https://carsandbids.com/auctions/9aaPgdX9/2016-bmw-m4-coupe,1,FL
2016,BMW,F8X M4,81800,Clean,"Miami, FL 33146",3.0L Turbocharged I6,Rear-wheel drive,Automatic (7-Speed),Coupe,Silverstone Metallic,Black,5,32000,9/8/21,https://carsandbids.com/auctions/rNkqlz45/2016-bmw-m4-coupe,1,FL
2016,BMW,F8X M4,61600,Clean,"San Antonio, TX 78216",3.0L Turbocharged I6,Rear-wheel drive,Manual (6-Speed),Coupe,Mineral Grey Metallic,Black,0,35000,8/19/21,https://carsandbids.com/auctions/9XpPd07j/2016-bmw-m4-coupe,1,TX
2015,BMW,F8X M4,2202,Clean,"Rutherford, CA 94573",3.0L Turbocharged I6,Rear-wheel drive,Automatic (7-Speed),Convertible,Mineral White Metallic,Sakhir Orange/Black,0,60000,8/2/21,https://carsandbids.com/auctions/K1DPwnn0/2015-bmw-m4-convertible,1,CA
2017,BMW,F8X M4,24900,Clean,"Eden Prairie, MN 55344",3.0L Turbocharged I6,Rear-wheel drive,Automatic (7-Speed),Convertible,Yas Marine Blue Metallic,Black,0,51000,5/21/21,https://carsandbids.com/auctions/rwZJon5K/2017-bmw-m4-convertible,1,MN
2015,BMW,F8X M4,40100,Clean,"Holly Springs, NC 27540",3.0L Turbocharged I6,Rear-wheel drive,Manual (6-Speed),Coupe,Mineral Grey,Sonoma Beige,6,37550,5/3/21,https://carsandbids.com/auctions/rNbJNlNX/2015-bmw-m4-coupe,1,NC
2015,BMW,F8X M4,64000,Clean,"Los Angeles, CA 90064",3.0L Turbocharged I6,Rear-wheel drive,Automatic (7-Speed),Coupe,Sakhir Orange,Black,7,43100,4/23/21,https://carsandbids.com/auctions/3v85JJ2N/2015-bmw-m4-coupe,1,CA
2015,BMW,F8X M4,48800,Clean,"Richmond, VA 23225",3.0L Turbocharged I6,Rear-wheel drive,Manual (6-Speed),Coupe,Mineral Gray,Black,5,36400,3/24/21,https://carsandbids.com/auctions/9QR7o673/2015-bmw-m4-coupe,1,VA
2016,BMW,F8X M4,45800,Clean,"Maitland, FL 32751",3.0L Turbocharged I6,Rear-wheel drive,Automatic (7-Speed),Coupe,Black Sapphire Metallic,Black,2,35750,1/12/21,https://carsandbids.com/auctions/3LYPBgJy/2016-bmw-m4-coupe-competition-package,1,FL
2016,BMW,F8X M4,14000,Clean,"Knoxville, TN 37922",3.0L Turbocharged I6,Rear-wheel drive,Manual (6-Speed),Coupe,Yas Marina Blue,Black,0,49000,11/27/20,https://carsandbids.com/auctions/3zl5nYl1/2016-bmw-m4-coupe,1,TN
2015,BMW,F8X M4,34000,Clean,"Harbor City, CA 90710",3.0L Turbocharged I6,Rear-wheel drive,Automatic (7-Speed),Convertible,Austin Yellow Metallic,Black,0,32444,11/19/20,https://carsandbids.com/auctions/36bJxP5z/2015-bmw-m4-convertible,1,CA
2015,BMW,F8X M4,75638,Clean,"Santa Monica, CA 90403",3.0L Turbocharged I6,Rear-wheel drive,Manual (6-Speed),Coupe,Black Sapphire Metallic,Anthracite,2,34910,08/22/22,https://carsandbids.com/auctions/UHjXOKG4/2015-bmw-m4-coupe,1,CA
2017,BMW,F8X M4,18035,Clean,"Hollywood, FL 33020",3.0L Turbocharged I6,Rear-wheel drive,Automatic (7-Speed),Coupe,Yas Marina Blue Metallic,Silverstone,9,44748,11/30/24,https://carsandbids.com/auctions/nSPKPzdj/2017-bmw-m4-coupe-competition-package,1,FL
2016,BMW,F8X M4,40463,Clean,"Pensacola, FL 32505",3.0L Turbocharged I6,Rear-wheel drive,Automatic (7-Speed),Coupe,Black Sapphire Metallic,Sakhir Orange,1,43567,09/15/21,https://carsandbids.com/auctions/AZRxdU6y/2016-bmw-m4-coupe,1,FL
2020,BMW,F8X M4,24859,Clean,"North Richland Hills, TX 76180",3.0L Turbocharged I6,Rear-wheel drive,Automatic (7-Speed),Coupe,Mineral White Metallic,Silverstone,2,52313,05/01/25,https://carsandbids.com/auctions/RkIG7uOy/2020-bmw-m4-coupe-competition-package,1,TX
2016,BMW,F8X M4,62916,Clean,"Midway City, CA 92655",3.0L Turbocharged I6,Rear-wheel drive,Manual (6-Speed),Coupe,Yas Marina Blue,Sakhir Orange,18,34872,12/02/24,https://carsandbids.com/auctions/qEaYvR4w/2016-bmw-m4-coupe-competition-package,1,CA
2018,BMW,F8X M4,19820,Clean,"Silver Spring, MD 20906",3.0L Turbocharged I6,Rear-wheel drive,Manual (6-Speed),Coupe,Black Sapphire Metallic,Black,0,46677,01/19/26,https://carsandbids.com/auctions/Pm4SuGy6/2018-bmw-m4-coupe-competition-package,1,MD
2015,BMW,F8X M4,40970,Clean,"Holly Springs, NC 27540",3.0L Turbocharged I6,Rear-wheel drive,Manual (6-Speed),Coupe,Mineral Grey,Sonoma Beige,6,37597,04/25/21,https://carsandbids.com/auctions/XUoCY1Vs/2015-bmw-m4-coupe,1,NC
2017,BMW,F8X M4,34027,Clean,"Castle Rock, CO 80108",3.0L Turbocharged I6,Rear-wheel drive,Automatic (7-Speed),Coupe,Sakhir Orange Metallic,Sakhir Orange,5,46708,10/29/25,https://carsandbids.com/auctions/eHinkCpX/2017-bmw-m4-coupe-competition-package,1,CO
2015,BMW,F8X M4,52349,Clean,"Portland, OR 97220",3.0L Turbocharged I6,Rear-wheel drive,Automatic (7-Speed),Sedan,Black Sapphire Metallic,Black,0,36516,04/16/23,https://carsandbids.com/auctions/XzyJBQt2/2015-bmw-m4-coupe,1,OR
2015,BMW,F8X M4,51509,Clean,"Arlington Heights, IL 60005",3.0L Turbocharged I6,Rear-wheel drive,Automatic (7-Speed),Coupe,Yas Marina Blue Metallic,Sakhir Orange,14,30339,07/13/24,https://carsandbids.com/auctions/JiZDeZMb/2015-bmw-m4-coupe,1,IL
2015,BMW,F8X M4,78901,Clean,"Danville, CA 94526",3.0L Turbocharged I6,Rear-wheel drive,Automatic (7-Speed),Coupe,Mineral White Metallic,Black,29,28447,01/10/26,https://carsandbids.com/auctions/yPOr0GwB/2015-bmw-m4-coupe,1,CA
2015,BMW,F8X M4,79914,Clean,"Danville, CA 94526",3.0L Turbocharged I6,Rear-wheel drive,Automatic (7-Speed),Coupe,Mineral White Metallic,Black,29,29391,02/10/26,https://carsandbids.com/auctions/fw8iPIUp/2015-bmw-m4-coupe,1,CA
2015,BMW,F8X M4,74629,Clean,"Danville, CA 94526",3.0L Turbocharged I6,Rear-wheel drive,Automatic (7-Speed),Coupe,Mineral White Metallic,Black,29,29113,01/19/26,https://carsandbids.com/auctions/bnWmJ7ed/2015-bmw-m4-coupe,1,CA
2016,BMW,F8X M4,80146,Clean,"San Jose, CA 95127",3.0L Turbocharged I6,Rear-wheel drive,Automatic (7-Speed),Convertible,Yas Marina Blue Metallic,Black,5,31533,12/21/23,https://carsandbids.com/auctions/2FjhLCUt/2016-bmw-m4-convertible,1,CA
2016,BMW,F8X M4,43602,Clean,"Middle Island, NY 11953",3.0L Turbocharged I6,Rear-wheel drive,Automatic (7-Speed),Coupe,Yas Marina Blue Metallic,Black,9,42722,04/22/23,https://carsandbids.com/auctions/RDy890Hm/2016-bmw-m4-coupe,1,NY
2017,BMW,F8X M4,39255,Clean,"Fort Mill, SC 29715",3.0L Turbocharged I6,Rear-wheel drive,Automatic (7-Speed),Coupe,Silverstone Metallic,Black,9,45086,08/02/23,https://carsandbids.com/auctions/UBssSvVJ/2017-bmw-m4-coupe-competition-package,1,SC
2016,BMW,F8X M4,37262,Clean,"Pensacola, FL 32505",3.0L Turbocharged I6,Rear-wheel drive,Automatic (7-Speed),Coupe,Black Sapphire Metallic,Sakhir Orange,1,41807,09/30/21,https://carsandbids.com/auctions/0JvXpbUk/2016-bmw-m4-coupe,1,FL
2016,BMW,F8X M4,82481,Clean,"San Jose, CA 95112",3.0L Turbocharged I6,Rear-wheel drive,Automatic (7-Speed),Convertible,Austin Yellow Metallic,Black,28,26609,01/22/26,https://carsandbids.com/auctions/YS7AD183/2016-bmw-m4-convertible,1,CA
2018,BMW,F8X M4,100791,Clean,"Union, NJ 07083",3.0L Turbocharged I6,Rear-wheel drive,Automatic (7-Speed),Coupe,Black Sapphire Metallic,Sakhir Orange,10,25434,02/07/26,https://carsandbids.com/auctions/FV5VnA9d/2018-bmw-m4-coupe,1,NJ
2018,BMW,F8X M4,18776,Clean,"Chapel Hill, NC 27517",3.0L Turbocharged I6,Rear-wheel drive,Automatic (7-Speed),Coupe,Black Sapphire Metallic,Black,5,50521,02/14/24,https://carsandbids.com/auctions/Nc1NDLYs/2018-bmw-m4-coupe-competition-package,1,NC
2018,BMW,F8X M4,26483,Clean,"Lawrenceville, GA 30044",3.0L Turbocharged I6,Rear-wheel drive,Manual (6-Speed),Coupe,Yas Marina Blue,Black,3,54933,06/16/22,https://carsandbids.com/auctions/5r64NGIm/2018-bmw-m4-coupe-competition-package,1,GA
2019,BMW,F8X M4,24712,Clean,"Duluth, GA 30096",3.0L Turbocharged I6,Rear-wheel drive,Automatic (7-Speed),Coupe,San Marino Blue,Black,1,58888,07/28/23,https://carsandbids.com/auctions/Yc6GqDKX/2019-bmw-m4-cs,1,GA
2015,BMW,F8X M4,82796,Clean,"Daytona Beach, FL 32118",3.0L Turbocharged I6,Rear-wheel drive,Automatic (7-Speed),Convertible,Yas Marina Blue Metallic,Black,1,29073,07/20/23,https://carsandbids.com/auctions/efIxBcFH/2015-bmw-m4-convertible,1,FL
2015,BMW,F8X M4,54943,Clean,"Hayward, CA 94545",3.0L Turbocharged I6,Rear-wheel drive,Automatic (7-Speed),Coupe,Alpine White,Black,0,34281,03/24/26,https://carsandbids.com/auctions/71jLuo0k/2015-bmw-m4-coupe,1,CA
2015,BMW,F8X M4,41904,Clean,"Kissimmee, FL 34758",3.0L Turbocharged I6,Rear-wheel drive,Automatic (7-Speed),Coupe,Mineral White Metallic,Sakhir Orange/Black,7,35755,10/21/23,https://carsandbids.com/auctions/G3iv7vYn/2015-bmw-m4-coupe,1,FL
2017,BMW,F8X M4,52036,Clean,"Maplewood, NJ 07040",3.0L Turbocharged I6,Rear-wheel drive,Automatic (7-Speed),Convertible,Black Sapphire Metallic,Silverstone,0,31728,08/18/25,https://carsandbids.com/auctions/R2wiUpmO/2017-bmw-m4-convertible,1,NJ
2015,BMW,F8X M4,72708,Clean,"Minneapolis, MN 55438",3.0L Turbocharged I6,Rear-wheel drive,Manual (6-Speed),Convertible,Mineral Gray Metallic,Sonoma Beige,6,34810,07/14/25,https://carsandbids.com/auctions/ba7iKyRI/2015-bmw-m4-convertible,1,MN
2016,BMW,F8X M4,19263,Clean,"San Antonio, TX 78216",3.0L Turbocharged I6,Rear-wheel drive,Automatic (7-Speed),Convertible,Mineral Gray Metallic,Sakhir Orange/Black,0,49674,06/02/22,https://carsandbids.com/auctions/PYkoEBtm/2016-bmw-m4-convertible,1,TX
2015,BMW,F8X M4,92231,Clean,"Boca Raton, FL 33432",3.0L Turbocharged I6,Rear-wheel drive,Automatic (7-Speed),Convertible,Black Sapphire Metallic,Sonoma Beige,3,21769,04/13/26,https://carsandbids.com/auctions/1reeiqsZ/2015-bmw-m4-convertible,1,FL
2015,BMW,F8X M4,98888,Clean,"Boca Raton, FL 33432",3.0L Turbocharged I6,Rear-wheel drive,Automatic (7-Speed),Convertible,Black Sapphire Metallic,Sonoma Beige,3,22307,03/04/26,https://carsandbids.com/auctions/fYDzvTWn/2015-bmw-m4-convertible,1,FL
2016,BMW,F8X M4,26159,Clean,"Hercules, CA 94547",3.0L Turbocharged I6,Rear-wheel drive,Manual (6-Speed),Convertible,Black Sapphire Metallic,Sakhir Orange,17,43108,10/03/23,https://carsandbids.com/auctions/ZngsV79o/2016-bmw-m4-convertible,1,CA
2015,BMW,F8X M4,41310,Clean,"Houston, TX 77044",3.0L Turbocharged I6,Rear-wheel drive,Automatic (7-Speed),Coupe,Yas Marina Blue,Black,19,38233,08/29/24,https://carsandbids.com/auctions/liyrb3Bx/2015-bmw-m4-coupe,1,TX
2016,BMW,F8X M4,62445,Clean,"San Antonio, TX 78216",3.0L Turbocharged I6,Rear-wheel drive,Manual (6-Speed),Coupe,Mineral Grey Metallic,Black,0,35640,08/13/21,https://carsandbids.com/auctions/comcQcvS/2016-bmw-m4-coupe,1,TX
2018,BMW,F8X M4,11644,Clean,"Newport Beach, CA 92660",3.0L Turbocharged I6,Rear-wheel drive,Automatic (7-Speed),Coupe,Black Sapphire Metallic,Black,3,55755,04/19/23,https://carsandbids.com/auctions/WOM40rXQ/2018-bmw-m4-coupe-competition-package,1,CA
2015,BMW,F8X M4,56987,Clean,"Los Gatos, CA 95030",3.0L Turbocharged I6,Rear-wheel drive,Automatic (7-Speed),Coupe,Mineral Gray Metallic,Sakhir Orange,11,34617,06/04/24,https://carsandbids.com/auctions/tmubQUlv/2015-bmw-m4-coupe,1,CA
2020,BMW,F8X M4,25191,Clean,"Damascus, OR 97089",3.0L Turbocharged I6,Rear-wheel drive,Automatic (7-Speed),Coupe,Mineral White Metallic,Sakhir Orange,6,50643,10/31/24,https://carsandbids.com/auctions/l63UMmPe/2020-bmw-m4-coupe-competition-package,1,OR
2016,BMW,F8X M4,36428,Clean,"Littleton, CO 80129",3.0L Turbocharged I6,Rear-wheel drive,Automatic (7-Speed),Convertible,Mineral Gray Metallic,Black,6,34180,03/08/25,https://carsandbids.com/auctions/8ziImvbm/2016-bmw-m4-convertible,1,CO
2018,BMW,F8X M4,38224,Clean,"Los Angeles, CA 90025",3.0L Turbocharged I6,Rear-wheel drive,Automatic (7-Speed),Coupe,Mineral Gray Metallic,Black,0,45881,03/08/26,https://carsandbids.com/auctions/J9BFCk9b/2018-bmw-m4-coupe,1,CA
2015,BMW,F8X M4,33147,Clean,"Orlando, FL 32832",3.0L Turbocharged I6,Rear-wheel drive,Automatic (7-Speed),Coupe,Mineral Gray Metallic,Silverstone,8,36851,02/06/24,https://carsandbids.com/auctions/CsShAhDA/2015-bmw-m4-coupe,1,FL
2016,BMW,F8X M4,29661,Clean,"El Dorado Hills, CA 95762",3.0L Turbocharged I6,Rear-wheel drive,Automatic (7-Speed),Convertible,Silverstone Metallic,Silverstone,2,37001,03/29/24,https://carsandbids.com/auctions/BDztgFEq/2016-bmw-m4-convertible,1,CA
2015,BMW,F8X M4,74355,Clean,"Danville, CA 94526",3.0L Turbocharged I6,Rear-wheel drive,Automatic (7-Speed),Coupe,Mineral White Metallic,Black,29,28678,01/22/26,https://carsandbids.com/auctions/BymOYh7a/2015-bmw-m4-coupe,1,CA
2017,BMW,F8X M4,33607,Clean,"Castle Rock, CO 80108",3.0L Turbocharged I6,Rear-wheel drive,Automatic (7-Speed),Coupe,Sakhir Orange Metallic,Sakhir Orange,5,44905,11/12/25,https://carsandbids.com/auctions/9Gq6RDoz/2017-bmw-m4-coupe-competition-package,1,CO
2015,BMW,F8X M4,54048,Clean,"Los Gatos, CA 95030",3.0L Turbocharged I6,Rear-wheel drive,Automatic (7-Speed),Coupe,Mineral Gray Metallic,Sakhir Orange,11,34183,04/20/24,https://carsandbids.com/auctions/JCQgeGi3/2015-bmw-m4-coupe,1,CA
2018,BMW,F8X M4,3053,Clean,"Royersford, PA 19468",3.0L Turbocharged I6,Rear-wheel drive,Manual (6-Speed),Coupe,Tanzanite Blue Metallic,Black,2,57692,12/30/23,https://carsandbids.com/auctions/EQG9NNPl/2018-bmw-m4-coupe-competition-package,1,PA
2018,BMW,F8X M4,4883,Clean,"Jericho, NY 11753",3.0L Turbocharged I6,Rear-wheel drive,Automatic (7-Speed),Convertible,Black Sapphire Metallic,Black,2,58086,09/07/22,https://carsandbids.com/auctions/NQ6ypQmB/2018-bmw-m4-convertible-competition-package,1,NY
2019,BMW,F8X M4,21798,Clean,"Grants Pass, OR 97526",3.0L Turbocharged I6,Rear-wheel drive,Automatic (7-Speed),Coupe,Alpine White,Anthracite,2,61508,09/16/23,https://carsandbids.com/auctions/2eWx9zBH/2019-bmw-m4-cs,1,OR
2015,BMW,F8X M4,50300,Clean,"Arlington Heights, IL 60005",3.0L Turbocharged I6,Rear-wheel drive,Automatic (7-Speed),Coupe,Yas Marina Blue Metallic,Sakhir Orange,14,29456,08/09/24,https://carsandbids.com/auctions/LF8Sa56T/2015-bmw-m4-coupe,1,IL
2018,BMW,F8X M4,94745,Clean,"Union, NJ 07083",3.0L Turbocharged I6,Rear-wheel drive,Automatic (7-Speed),Coupe,Black Sapphire Metallic,Sakhir Orange,10,28038,01/29/26,https://carsandbids.com/auctions/KoQWAusP/2018-bmw-m4-coupe,1,NJ
2015,BMW,F8X M4,53662,Clean,"Pittsburgh, PA 15238",3.0L Turbocharged I6,Rear-wheel drive,Automatic (7-Speed),Coupe,Austin Yellow Metallic,Black,3,35777,09/24/23,https://carsandbids.com/auctions/54AyLXz5/2015-bmw-m4-coupe,1,PA
2020,BMW,F8X M4,25447,Clean,"Croton-on-Hudson, NY 10520",3.0L Turbocharged I6,Rear-wheel drive,Automatic (7-Speed),Coupe,Alpine White,Sakhir Orange,8,44306,03/15/25,https://carsandbids.com/auctions/Gzb0rOLr/2020-bmw-m4-coupe-competition-package,1,NY
2016,BMW,F8X M4,78015,Clean,"San Jose, CA 95112",3.0L Turbocharged I6,Rear-wheel drive,Automatic (7-Speed),Convertible,Austin Yellow Metallic,Black,28,27544,12/27/25,https://carsandbids.com/auctions/2haIfjep/2016-bmw-m4-convertible,1,CA
2016,BMW,F8X M4,76928,Clean,"San Jose, CA 95127",3.0L Turbocharged I6,Rear-wheel drive,Automatic (7-Speed),Convertible,Yas Marina Blue Metallic,Black,5,32358,12/07/23,https://carsandbids.com/auctions/Vs1uneSN/2016-bmw-m4-convertible,1,CA
2015,BMW,F8X M4,62352,Clean,"Los Angeles, CA 90064",3.0L Turbocharged I6,Rear-wheel drive,Automatic (7-Speed),Coupe,Sakhir Orange,Black,7,45226,05/21/21,https://carsandbids.com/auctions/icSkRhsz/2015-bmw-m4-coupe,1,CA
2015,BMW,F8X M4,91352,Clean,"Evanston, IL 60201",3.0L Turbocharged I6,Rear-wheel drive,Automatic (7-Speed),Coupe,Mineral Grey Metallic,Black,7,28157,02/15/25,https://carsandbids.com/auctions/tHfNgDbU/2015-bmw-m4-coupe,1,IL
2019,BMW,F8X M4,26504,Clean,"Duluth, GA 30096",3.0L Turbocharged I6,Rear-wheel drive,Automatic (7-Speed),Coupe,San Marino Blue,Black,1,58453,06/23/23,https://carsandbids.com/auctions/LMrCcFgt/2019-bmw-m4-cs,1,GA
2018,BMW,F8X M4,17189,Clean,"Universal City, TX 78150",3.0L Turbocharged I6,Rear-wheel drive,Manual (6-Speed),Convertible,Speed Yellow,Opal White,2,65799,10/05/24,https://carsandbids.com/auctions/UjfYy11t/2018-bmw-m4-convertible-competition-package,1,TX
2018,BMW,F8X M4,26312,Clean,"Lawrenceville, GA 30044",3.0L Turbocharged I6,Rear-wheel drive,Manual (6-Speed),Coupe,Yas Marina Blue,Black,3,56739,05/19/22,https://carsandbids.com/auctions/qn1rO9kV/2018-bmw-m4-coupe-competition-package,1,GA
2018,BMW,F8X M4,38356,Clean,"Los Angeles, CA 90025",3.0L Turbocharged I6,Rear-wheel drive,Automatic (7-Speed),Coupe,Mineral Gray Metallic,Black,0,45599,02/19/26,https://carsandbids.com/auctions/bRNrALvd/2018-bmw-m4-coupe,1,CA
2017,BMW,F8X M4,79718,Clean,"Vero Beach, FL 32968",3.0L Turbocharged I6,Rear-wheel drive,Automatic (7-Speed),Convertible,Yas Marina Blue Metallic,Silverstone,0,32031,11/17/23,https://carsandbids.com/auctions/q2WwLTig/2017-bmw-m4-convertible-competition-package,1,FL
2019,BMW,F8X M4,6640,Clean,"San Francisco, CA 94114",3.0L Turbocharged I6,Rear-wheel drive,Automatic (7-Speed),Coupe,Lime Rock Grey Metallic,Black,0,70442,05/31/22,https://carsandbids.com/auctions/d2hj0HzU/2019-bmw-m4-cs,1,CA
2016,BMW,F8X M4,11217,Clean,"Hermosa Beach, CA 90254",3.0L Turbocharged I6,Rear-wheel drive,Automatic (7-Speed),Coupe,Mineral Grey Metallic,Black,2,74318,11/03/25,https://carsandbids.com/auctions/ejAHHPvR/2016-bmw-m4-gts,1,CA
2014,BMW,F8X M4,29855,Clean,"Harbor City, CA 90710",3.0L Turbocharged I6,Rear-wheel drive,Automatic (7-Speed),Convertible,Austin Yellow Metallic,Black,0,30013,11/16/20,https://carsandbids.com/auctions/NbrnTP3f/2015-bmw-m4-convertible-v2,1,CA
2017,BMW,F8X M4,44008,Clean,"Pensacola, FL 32505",3.0L Turbocharged I6,Rear-wheel drive,Automatic (7-Speed),Coupe,Black Sapphire Metallic,Sakhir Orange,1,40865,10/27/21,https://carsandbids.com/auctions/RABr1VjA/2016-bmw-m4-coupe-3,1,FL
2015,BMW,F8X M4,68458,Clean,"Easton, PA 18042",3.0L Turbocharged I6,Rear-wheel drive,Automatic (7-Speed),Convertible,Mineral Gray Metallic,Sakhir Orange,19,27840,9/1/25,https://carsandbids.com/auctions/YTH8xIZM/2015-bmw-m4-convertible-3,1,PA
2020,BMW,F8X M4,22406,Clean,"North Richland Hills, TX 76180",3.0L Turbocharged I6,Rear-wheel drive,Automatic (7-Speed),Coupe,Mineral White Metallic,Silverstone,2,53226,6/1/25,https://carsandbids.com/auctions/11xCZkwP/2020-bmw-m4-coupe-competition-package,1,TX
2015,BMW,F8X M4,96067,Clean,"Daytona Beach, FL 32118",3.0L Turbocharged I6,Rear-wheel drive,Automatic (7-Speed),Convertible,Yas Marina Blue Metallic,Black,1,26943,8/14/23,https://carsandbids.com/auctions/QnuVdYXy/2015-bmw-m4-convertible,1,FL
2017,BMW,F8X M4,38780,Clean,"Ashburn, VA 20147",3.0L Turbocharged I6,Rear-wheel drive,Manual (6-Speed),Convertible,Sakhir Orange Metallic,Black,0,46421,4/24/25,https://carsandbids.com/auctions/CqpIqK3y/2017-bmw-m4-convertible-2,1,VA
2015,BMW,F8X M4,30068,Clean,"Harbor City, CA 90710",3.0L Turbocharged I6,Rear-wheel drive,Automatic (7-Speed),Convertible,Austin Yellow Metallic,Black,0,33379,11/26/20,https://carsandbids.com/auctions/XAdx9G81/2015-bmw-m4-convertible,1,CA
2018,BMW,F8X M4,94696,Clean,"Union, NJ 07083",3.0L Turbocharged I6,Rear-wheel drive,Automatic (7-Speed),Coupe,Black Sapphire Metallic,Sakhir Orange,10,26941,2/17/26,https://carsandbids.com/auctions/sjaSS8VF/2018-bmw-m4-coupe,1,NJ
2016,BMW,F8X M4,34584,Clean,"Salt Lake City, UT 84123",3.0L Turbocharged I6,Rear-wheel drive,Manual (6-Speed),Coupe,Mineral Grey Metallic,Black,3,40728,6/28/23,https://carsandbids.com/auctions/k754LEgw/2015-bmw-m4-coupe-3,1,UT
2018,BMW,F8X M4,28852,Clean,"Lawrenceville, GA 30044",3.0L Turbocharged I6,Rear-wheel drive,Manual (6-Speed),Coupe,Yas Marina Blue,Black,3,59843,5/14/22,https://carsandbids.com/auctions/8HhO6kGL/2018-bmw-m4-coupe-competition-package-2,1,GA
2016,BMW,F8X M4,83298,Clean,"San Jose, CA 95127",3.0L Turbocharged I6,Rear-wheel drive,Automatic (7-Speed),Convertible,Yas Marina Blue Metallic,Black,4,29368,11/18/23,https://carsandbids.com/auctions/x3BpdbIK/2016-bmw-m4-convertible,1,CA
2015,BMW,F8X M4,42899,Clean,"Richmond, VA 23225",3.0L Turbocharged I6,Rear-wheel drive,Manual (6-Speed),Coupe,Mineral Gray,Black,5,34596,3/27/21,https://carsandbids.com/auctions/rEHS2JpD/2015-bmw-m4-coupe-v2,1,VA
2015,BMW,F8X M4,73865,Clean,"Santa Monica, CA 90403",3.0L Turbocharged I6,Rear-wheel drive,Manual (6-Speed),Coupe,Black Sapphire Metallic,Anthracite,4,34622,8/20/22,https://carsandbids.com/auctions/dOOdTXgl/2015-bmw-m4-coupe,1,CA
2015,BMW,F8X M4,52068,Clean,"Pittsburgh, PA 15238",3.0L Turbocharged I6,Rear-wheel drive,Automatic (7-Speed),Coupe,Austin Yellow Metallic,Black,3,34138,8/15/23,https://carsandbids.com/auctions/gOHafUoz/2015-bmw-m4-coupe-v2,1,PA
2017,BMW,F8X M4,16711,Clean,"San Antonio, TX 78216",3.0L Turbocharged I6,Rear-wheel drive,Automatic (7-Speed),Convertible,Mineral Gray Metallic,Sakhir Orange/Black,0,47430,7/9/22,https://carsandbids.com/auctions/WCA79ISj/2016-bmw-m4-convertible-3,1,TX
2015,BMW,F8X M4,51351,Clean,"Arlington Heights, IL 60005",3.0L Turbocharged I6,Rear-wheel drive,Automatic (7-Speed),Coupe,Yas Marina Blue Metallic,Sakhir Orange,14,31537,8/17/24,https://carsandbids.com/auctions/0j7elKPo/2015-bmw-m4-coupe,1,IL
2014,BMW,F8X M4,118626,Clean,"Campbell, CA 95008",3.0L Turbocharged I6,Rear-wheel drive,Automatic (7-Speed),Coupe,Alpine White,Black/Anthracite,11,23835,2/5/24,https://carsandbids.com/auctions/KG5mSoyP/2015-bmw-m4-coupe-3,1,CA
2015,BMW,F8X M4,58151,Clean,"Hayward, CA 94545",3.0L Turbocharged I6,Rear-wheel drive,Automatic (7-Speed),Coupe,Alpine White,Black,0,31092,3/10/26,https://carsandbids.com/auctions/iveprBHs/2015-bmw-m4-coupe,1,CA
2018,BMW,F8X M4,24799,Clean,"Lawrenceville, GA 30044",3.0L Turbocharged I6,Rear-wheel drive,Manual (6-Speed),Coupe,Yas Marina Blue,Black,3,56048,6/9/22,https://carsandbids.com/auctions/q3UjrnvQ/2018-bmw-m4-coupe-competition-package-3,1,GA
2019,BMW,F8X M4,29164,Clean,"Duluth, GA 30096",3.0L Turbocharged I6,Rear-wheel drive,Automatic (7-Speed),Coupe,San Marino Blue,Black,1,58879,6/28/23,https://carsandbids.com/auctions/VNqTIAae/2019-bmw-m4-cs-2,1,GA
2015,BMW,F8X M4,132098,Clean,"North Brook, IL 60062",3.0L Turbocharged I6,Rear-wheel drive,Automatic (7-Speed),Coupe,Black Sapphire Metallic,Black,2,24915,9/27/24,https://carsandbids.com/auctions/3X13npgW/2015-bmw-m4-v2,1,IL
2015,BMW,F8X M4,77098,Clean,"Minneapolis, MN 55438",3.0L Turbocharged I6,Rear-wheel drive,Manual (6-Speed),Convertible,Mineral Gray Metallic,Sonoma Beige,7,32911,7/16/25,https://carsandbids.com/auctions/2bTu5X1Y/2015-bmw-m4-convertible-3,1,MN
2018,BMW,F8X M4,43622,Clean,"Ashburn, VA 20147",3.0L Turbocharged I6,Rear-wheel drive,Manual (6-Speed),Convertible,Sakhir Orange Metallic,Black,1,41975,5/26/25,https://carsandbids.com/auctions/vY2nOyre/2017-bmw-m4-convertible-3,1,VA
2018,BMW,F8X M4,40758,Clean,"Los Angeles, CA 90025",3.0L Turbocharged I6,Rear-wheel drive,Automatic (7-Speed),Coupe,Mineral Gray Metallic,Black,0,43809,2/9/26,https://carsandbids.com/auctions/cKvWB9h3/2018-bmw-m4-coupe-2,1,CA
2016,BMW,F8X M4,73703,Clean,"San Jose, CA 95127",3.0L Turbocharged I6,Rear-wheel drive,Automatic (7-Speed),Convertible,Yas Marina Blue Metallic,Black,5,33125,12/6/23,https://carsandbids.com/auctions/6TmA65MP/2016-bmw-m4-convertible,1,CA
2017,BMW,F8X M4,13604,Clean,"Reno, NV 89511",3.0L Turbocharged I6,Rear-wheel drive,Manual (6-Speed),Convertible,Alpine White,Black,2,43830,4/28/25,https://carsandbids.com/auctions/IlPxUkJz/2017-bmw-m4-convertible,1,NV
2015,BMW,F8X M4,33961,Clean,"Hendersonville, TN 37075",3.0L Turbocharged I6,Rear-wheel drive,Manual (6-Speed),Convertible,Yas Marina Blue Metallic,Silverstone II,0,46734,4/3/22,https://carsandbids.com/auctions/PFX7TOrP/2015-bmw-m4-convertible,1,TN
2015,BMW,F8X M4,52160,Clean,"Duluth, GA 30096",3.0L Turbocharged I6,Rear-wheel drive,Automatic (7-Speed),Convertible,Azurite Black Metallic,Opal White,10,32720,4/28/24,https://carsandbids.com/auctions/c9LVC2JS/2015-bmw-m4-convertible-v2,1,GA
2018,BMW,F8X M4,3489,Clean,"Royersford, PA 19468",3.0L Turbocharged I6,Rear-wheel drive,Manual (6-Speed),Coupe,Tanzanite Blue Metallic,Black,2,56602,12/11/23,https://carsandbids.com/auctions/2WnXRCI4/2018-bmw-m4-coupe-competition-package,1,PA
2015,BMW,F8X M4,69371,Clean,"Easton, PA 18042",3.0L Turbocharged I6,Rear-wheel drive,Automatic (7-Speed),Convertible,Mineral Gray Metallic,Sakhir Orange,19,27280,10/19/25,https://carsandbids.com/auctions/3LSFZH3U/2015-bmw-m4-convertible-v2,1,PA
2019,BMW,F8X M4,45988,Clean,"Flushing, NY 11354",3.0L Turbocharged I6,Rear-wheel drive,Automatic (7-Speed),Coupe,Black Sapphire Metallic,Sakhir Orange/Black,10,40001,3/28/24,https://carsandbids.com/auctions/erqtHioR/2018-bmw-m4-coupe-competition-package-2,1,NY
2016,BMW,F8X M4,71474,Clean,"Midway City, CA 92655",3.0L Turbocharged I6,Rear-wheel drive,Manual (6-Speed),Coupe,Yas Marina Blue,Sakhir Orange,18,36844,12/5/24,https://carsandbids.com/auctions/V6b2JD6s/2016-bmw-m4-coupe-competition-package-v2,1,CA
2018,BMW,F8X M4,22541,Clean,"Chapel Hill, NC 27517",3.0L Turbocharged I6,Rear-wheel drive,Automatic (7-Speed),Coupe,Black Sapphire Metallic,Black,5,52289,3/27/24,https://carsandbids.com/auctions/3EqEyPXS/2018-bmw-m4-coupe-competition-package-v2,1,NC
2020,BMW,F8X M4,2497,Clean,"Saint Petersburg, FL 33702",3.0L Turbocharged I6,Rear-wheel drive,Manual (6-Speed),Coupe,Nardo Gray,Black,0,59371,8/28/23,https://carsandbids.com/auctions/fA1lquCu/2020-bmw-m4-coupe-competition-package-v2,1,FL
2016,BMW,F8X M4,17752,Clean,"San Antonio, TX 78216",3.0L Turbocharged I6,Rear-wheel drive,Automatic (7-Speed),Convertible,Mineral Gray Metallic,Sakhir Orange/Black,3,50638,6/7/22,https://carsandbids.com/auctions/d7ne7cbp/2016-bmw-m4-convertible,1,TX
2018,BMW,F8X M4,44631,Clean,"Flushing, NY 11354",3.0L Turbocharged I6,Rear-wheel drive,Automatic (7-Speed),Coupe,Black Sapphire Metallic,Sakhir Orange/Black,13,39736,3/28/24,https://carsandbids.com/auctions/pwL7SWkt/2018-bmw-m4-coupe-competition-package,1,NY
2016,BMW,F8X M4,40422,Clean,"Houston, TX 77044",3.0L Turbocharged I6,Rear-wheel drive,Automatic (7-Speed),Coupe,Yas Marina Blue,Black,19,37298,9/28/24,https://carsandbids.com/auctions/ZpRsQXXJ/2015-bmw-m4-coupe,1,TX
2017,BMW,F8X M4,48976,Clean,"Ashburn, VA 20147",3.0L Turbocharged I6,Rear-wheel drive,Manual (6-Speed),Convertible,Sakhir Orange Metallic,Black,1,43797,5/24/25,https://carsandbids.com/auctions/g7NZRBT7/2017-bmw-m4-convertible-3,1,VA
2016,BMW,F8X M4,58690,Clean,"Washington, DC 20002",3.0L Turbocharged I6,Rear-wheel drive,Manual (6-Speed),Convertible,Silverstone Metallic,Black,7,38601,7/1/23,https://carsandbids.com/auctions/tp5rBUJP/2016-bmw-m4-convertible-3,1,DC
2015,BMW,F8X M4,69139,Clean,"Atlanta, GA 30308",3.0L Turbocharged I6,Rear-wheel drive,Automatic (7-Speed),Convertible,Black Sapphire Metallic,Silverstone,0,30197,6/23/25,https://carsandbids.com/auctions/rK2IGloz/2015-bmw-m4-convertible,1,GA
2015,BMW,F8X M4,90951,Clean,"Boca Raton, FL 33432",3.0L Turbocharged I6,Rear-wheel drive,Automatic (7-Speed),Convertible,Black Sapphire Metallic,Sonoma Beige,3,21252,3/12/26,https://carsandbids.com/auctions/nQsKDGAU/2015-bmw-m4-convertible-3,1,FL
2015,BMW,F8X M4,27284,Clean,"Hendersonville, TN 37075",3.0L Turbocharged I6,Rear-wheel drive,Manual (6-Speed),Convertible,Yas Marina Blue Metallic,Silverstone II,4,46333,5/2/22,https://carsandbids.com/auctions/U6QlTrKV/2015-bmw-m4-convertible,1,TN
2016,BMW,F8X M4,40722,Clean,"Clovis, NM 88101",3.0L Turbocharged I6,Rear-wheel drive,Manual (6-Speed),Coupe,Silverstone Metallic,Black,27,40474,11/20/23,https://carsandbids.com/auctions/hcds6NUg/2016-bmw-m4-coupe,1,NM
2017,BMW,F8X M4,30229,Clean,"Castle Rock, CO 80108",3.0L Turbocharged I6,Rear-wheel drive,Automatic (7-Speed),Coupe,Sakhir Orange Metallic,Sakhir Orange,5,41546,10/28/25,https://carsandbids.com/auctions/1heEJQjY/2017-bmw-m4-coupe-competition-package-3,1,CO
2016,BMW,F8X M4,71525,Clean,"San Jose, CA 95112",3.0L Turbocharged I6,Rear-wheel drive,Automatic (7-Speed),Convertible,Austin Yellow Metallic,Black,27,30061,1/4/26,https://carsandbids.com/auctions/nGBB19sM/2016-bmw-m4-convertible,1,CA
2017,BMW,F8X M4,22264,Clean,"Lafayette, IN 47909",3.0L Turbocharged I6,Rear-wheel drive,Automatic (7-Speed),Coupe,Mineral White Metallic,Black,2,48432,4/1/22,https://carsandbids.com/auctions/keaBKsoR/2017-bmw-m4-coupe-competition-package-v2,1,IN
2015,BMW,F8X M4,115323,Clean,"Campbell, CA 95008",3.0L Turbocharged I6,Rear-wheel drive,Automatic (7-Speed),Coupe,Alpine White,Black/Anthracite,11,24364,3/12/24,https://carsandbids.com/auctions/5AHO4Zek/2015-bmw-m4-coupe-3,1,CA
2016,BMW,F8X M4,82783,Clean,"Minneapolis, MN 55438",3.0L Turbocharged I6,Rear-wheel drive,Manual (6-Speed),Convertible,Mineral Gray Metallic,Sonoma Beige,6,32533,7/22/25,https://carsandbids.com/auctions/yqHBL3TL/2015-bmw-m4-convertible,1,MN
2015,BMW,F8X M4,71576,Clean,"Santa Monica, CA 90403",3.0L Turbocharged I6,Rear-wheel drive,Manual (6-Speed),Coupe,Black Sapphire Metallic,Anthracite,2,33836,8/1/22,https://carsandbids.com/auctions/VkGBr9BY/2015-bmw-m4-coupe,1,CA
2015,BMW,F8X M4,47191,Clean,"Murfreesboro, TN 37128",3.0L Turbocharged I6,Rear-wheel drive,Automatic (7-Speed),Coupe,Yas Marina Blue Metallic,Silverstone,10,47891,12/20/21,https://carsandbids.com/auctions/Rr6YICtu/2015-bmw-m4-coupe-v2,1,TN
2017,BMW,F8X M4,33870,Clean,"Castle Rock, CO 80108",3.0L Turbocharged I6,Rear-wheel drive,Automatic (7-Speed),Coupe,Sakhir Orange Metallic,Sakhir Orange,4,49554,10/19/25,https://carsandbids.com/auctions/lwUMVmI5/2017-bmw-m4-coupe-competition-package-v2,1,CO
2018,BMW,F8X M4,21619,Clean,"Silver Spring, MD 20906",3.0L Turbocharged I6,Rear-wheel drive,Manual (6-Speed),Coupe,Black Sapphire Metallic,Black,0,47987,1/19/26,https://carsandbids.com/auctions/tazn0h6O/2018-bmw-m4-coupe-competition-package-2,1,MD
2016,BMW,F8X M4,47254,Clean,"Hendersonville, TN 37075",3.0L Turbocharged I6,Rear-wheel drive,Automatic (7-Speed),Coupe,Austin Yellow Metallic,Black,2,36052,10/20/24,https://carsandbids.com/auctions/DCilLUie/2016-bmw-m4-coupe-competition-package-v2,1,TN
2018,BMW,F8X M4,5221,Clean,"Jericho, NY 11753",3.0L Turbocharged I6,Rear-wheel drive,Automatic (7-Speed),Convertible,Black Sapphire Metallic,Black,2,63086,9/20/22,https://carsandbids.com/auctions/K9EjHvIH/2018-bmw-m4-convertible-competition-package-v2,1,NY
2016,BMW,F8X M4,9959,Clean,"Hermosa Beach, CA 90254",3.0L Turbocharged I6,Rear-wheel drive,Automatic (7-Speed),Coupe,Mineral Grey Metallic,Black,2,79845,11/11/25,https://carsandbids.com/auctions/cURYxPY8/2016-bmw-m4-gts-v2,1,CA
2016,BMW,F8X M4,76268,Clean,"San Antonio, TX 78232",3.0L Turbocharged I6,Rear-wheel drive,Manual (6-Speed),Coupe,Sakhir Orange Metallic,Cohiba Brown/Black,1,28981,5/28/24,https://carsandbids.com/auctions/g4ai18eW/2016-bmw-m4-coupe-3,1,TX
2015,BMW,F8X M4,81237,Clean,"Santa Monica, CA 90403",3.0L Turbocharged I6,Rear-wheel drive,Manual (6-Speed),Coupe,Black Sapphire Metallic,Anthracite,2,37688,8/25/22,https://carsandbids.com/auctions/xtSV2ceN/2015-bmw-m4-coupe-3,1,CA
2015,BMW,F8X M4,94055,Clean,"Boca Raton, FL 33432",3.0L Turbocharged I6,Rear-wheel drive,Automatic (7-Speed),Convertible,Black Sapphire Metallic,Sonoma Beige,3,21877,3/8/26,https://carsandbids.com/auctions/gksbudwA/2015-bmw-m4-convertible-2,1,FL
2015,BMW,F8X M4,55929,Clean,"Hayward, CA 94545",3.0L Turbocharged I6,Rear-wheel drive,Automatic (7-Speed),Coupe,Alpine White,Black,0,35916,4/6/26,https://carsandbids.com/auctions/QEKoNCP3/2015-bmw-m4-coupe-v2,1,CA
2016,BMW,F8X M4,30025,Clean,"Hercules, CA 94547",3.0L Turbocharged I6,Rear-wheel drive,Manual (6-Speed),Convertible,Black Sapphire Metallic,Sakhir Orange,17,43623,11/2/23,https://carsandbids.com/auctions/7QCs90gx/2016-bmw-m4-convertible-3,1,CA
2016,BMW,F8X M4,27837,Clean,"El Dorado Hills, CA 95762",3.0L Turbocharged I6,Rear-wheel drive,Automatic (7-Speed),Convertible,Silverstone Metallic,Silverstone,2,39311,3/3/24,https://carsandbids.com/auctions/QUdLE4rX/2016-bmw-m4-convertible,1,CA
2016,BMW,F8X M4,37975,Clean,"Pensacola, FL 32505",3.0L Turbocharged I6,Rear-wheel drive,Automatic (7-Speed),Coupe,Black Sapphire Metallic,Sakhir Orange,1,40709,8/18/21,https://carsandbids.com/auctions/OZM4OtBJ/2016-bmw-m4-coupe-2,1,FL
2018,BMW,F8X M4,98158,Clean,"Union, NJ 07083",3.0L Turbocharged I6,Rear-wheel drive,Automatic (7-Speed),Coupe,Black Sapphire Metallic,Sakhir Orange,10,28052,1/17/26,https://carsandbids.com/auctions/wFqk467s/2018-bmw-m4-coupe-3,1,NJ
2016,BMW,F8X M4,33340,Clean,"El Dorado Hills, CA 95762",3.0L Turbocharged I6,Rear-wheel drive,Automatic (7-Speed),Convertible,Silverstone Metallic,Silverstone,2,38007,2/8/24,https://carsandbids.com/auctions/87XwXaHC/2016-bmw-m4-convertible-3,1,CA
2015,BMW,F8X M4,61283,Clean,"Los Gatos, CA 95030",3.0L Turbocharged I6,Rear-wheel drive,Automatic (7-Speed),Coupe,Mineral Gray Metallic,Sakhir Orange,13,32212,4/19/24,https://carsandbids.com/auctions/6uLONCRO/2015-bmw-m4-coupe,1,CA
2015,BMW,F8X M4,56105,Clean,"Arlington Heights, IL 60005",3.0L Turbocharged I6,Rear-wheel drive,Automatic (7-Speed),Coupe,Yas Marina Blue Metallic,Sakhir Orange,14,31768,7/28/24,https://carsandbids.com/auctions/iCPU6zUj/2015-bmw-m4-coupe-v2,1,IL
2017,BMW,F8X M4,72299,Clean,"Vero Beach, FL 32968",3.0L Turbocharged I6,Rear-wheel drive,Automatic (7-Speed),Convertible,Yas Marina Blue Metallic,Silverstone,0,31508,11/10/23,https://carsandbids.com/auctions/nBow8w3N/2017-bmw-m4-convertible-competition-package,1,FL
2017,BMW,F8X M4,29913,Clean,"Castle Rock, CO 80108",3.0L Turbocharged I6,Rear-wheel drive,Automatic (7-Speed),Coupe,Sakhir Orange Metallic,Sakhir Orange,5,42414,10/20/25,https://carsandbids.com/auctions/NLbWphJe/2017-bmw-m4-coupe-competition-package,1,CO
2016,BMW,F8X M4,66930,Clean,"San Antonio, TX 78216",3.0L Turbocharged I6,Rear-wheel drive,Manual (6-Speed),Coupe,Mineral Grey Metallic,Black,3,34206,8/27/21,https://carsandbids.com/auctions/a1iipkOb/2016-bmw-m4-coupe,1,TX
2015,BMW,F8X M4,60324,Clean,"Los Gatos, CA 95030",3.0L Turbocharged I6,Rear-wheel drive,Automatic (7-Speed),Coupe,Mineral Gray Metallic,Sakhir Orange,12,30588,5/14/24,https://carsandbids.com/auctions/AhdBwKCn/2015-bmw-m4-coupe,1,CA
2015,BMW,F8X M4,67075,Clean,"Easton, PA 18042",3.0L Turbocharged I6,Rear-wheel drive,Automatic (7-Speed),Convertible,Mineral Gray Metallic,Sakhir Orange,19,26510,9/16/25,https://carsandbids.com/auctions/0AgSB3tj/2015-bmw-m4-convertible-2,1,PA
2016,BMW,F8X M4,99362,Clean,"Issaquah, WA 98027",3.0L Turbocharged I6,Rear-wheel drive,Automatic (7-Speed),Convertible,Alpine White,Black,2,25956,9/14/24,https://carsandbids.com/auctions/sFAXhO2I/2016-bmw-m4-convertible-2,1,WA
2019,BMW,F8X M4,27371,Clean,"Orlando, FL 32819",3.0L Turbocharged I6,Rear-wheel drive,Automatic (7-Speed),Coupe,Dakar Yellow,Silverstone,6,63796,9/23/22,https://carsandbids.com/auctions/fAPxj5eZ/2019-bmw-m4-competition-package,1,FL
2017,BMW,F8X M4,32512,Clean,"Castle Rock, CO 80108",3.0L Turbocharged I6,Rear-wheel drive,Automatic (7-Speed),Coupe,Sakhir Orange Metallic,Sakhir Orange,5,47458,10/28/25,https://carsandbids.com/auctions/IuhvPU1S/2017-bmw-m4-coupe-competition-package-3,1,CO
2015,BMW,F8X M4,109599,Clean,"Campbell, CA 95008",3.0L Turbocharged I6,Rear-wheel drive,Automatic (7-Speed),Coupe,Alpine White,Black/Anthracite,11,24436,3/3/24,https://carsandbids.com/auctions/0vIhroAI/2015-bmw-m4-coupe,1,CA
2016,BMW,F8X M4,81532,Clean,"San Antonio, TX 78213",3.0L Turbocharged I6,Rear-wheel drive,Manual (6-Speed),Coupe,Black Sapphire Metallic,Black,5,26631,2/15/25,https://carsandbids.com/auctions/bqV5vliO/2016-bmw-m4-coupe,1,TX
2016,BMW,F8X M4,72681,Clean,"San Jose, CA 95112",3.0L Turbocharged I6,Rear-wheel drive,Automatic (7-Speed),Convertible,Austin Yellow Metallic,Black,28,28310,12/28/25,https://carsandbids.com/auctions/jtu6K2jU/2016-bmw-m4-convertible,1,CA
2018,BMW,F8X M4,22945,Clean,"Lawrenceville, GA 30044",3.0L Turbocharged I6,Rear-wheel drive,Manual (6-Speed),Coupe,Yas Marina Blue,Black,3,59190,6/12/22,https://carsandbids.com/auctions/UhArQEPc/2018-bmw-m4-coupe-competition-package-v2,1,GA
2019,BMW,F8X M4,38465,Clean,"Lewisville, TX 75067",3.0L Turbocharged I6,Rear-wheel drive,Manual (6-Speed),Convertible,Mineral White Metallic,Silverstone,2,47973,9/1/24,https://carsandbids.com/auctions/rhEAiHoI/2019-bmw-m4-convertible-competition-package-3,1,TX
2015,BMW,F8X M4,96548,Clean,"Evanston, IL 60201",3.0L Turbocharged I6,Rear-wheel drive,Automatic (7-Speed),Coupe,Mineral Grey Metallic,Black,7,27977,1/16/25,https://carsandbids.com/auctions/JJRzhbuX/2015-bmw-m4-coupe,1,IL
2015,BMW,F8X M4,69845,Clean,"Easton, PA 18042",3.0L Turbocharged I6,Rear-wheel drive,Automatic (7-Speed),Convertible,Mineral Gray Metallic,Sakhir Orange,19,26153,9/10/25,https://carsandbids.com/auctions/GytvukFh/2015-bmw-m4-convertible,1,PA
2018,BMW,F8X M4,122905,Clean,"Walnut Creek, CA 94598",3.0L Turbocharged I6,Rear-wheel drive,Automatic (7-Speed),Coupe,Black Sapphire Metallic,Black,1,24855,7/25/24,https://carsandbids.com/auctions/ojmLVOkV/2018-bmw-m4-coupe-competition-package-v2,1,CA
2018,BMW,F8X M4,23220,Clean,"Miami, FL 33132",3.0L Turbocharged I6,Rear-wheel drive,Automatic (7-Speed),Coupe,Mineral White Metallic,Black,4,52760,9/18/23,https://carsandbids.com/auctions/NM1MjeBs/2018-bmw-m4-coupe-competition-package-3,1,FL
2015,BMW,F8X M4,33881,Clean,"Hendersonville, TN 37075",3.0L Turbocharged I6,Rear-wheel drive,Manual (6-Speed),Convertible,Yas Marina Blue Metallic,Silverstone II,2,47613,5/16/22,https://carsandbids.com/auctions/e11MFCIX/2015-bmw-m4-convertible,1,TN
2018,BMW,F8X M4,24687,Clean,"Lakebay, WA 98349",3.0L Turbocharged I6,Rear-wheel drive,Automatic (7-Speed),Convertible,Yas Marina Blue Metallic,Silverstone,13,57219,7/22/23,https://carsandbids.com/auctions/BYZ8fOcR/2018-bmw-m4-convertible-competition-package-v2,1,WA
2016,BMW,F8X M4,77235,Clean,"San Jose, CA 95112",3.0L Turbocharged I6,Rear-wheel drive,Automatic (7-Speed),Convertible,Austin Yellow Metallic,Black,28,29672,1/16/26,https://carsandbids.com/auctions/uLWOefQr/2016-bmw-m4-convertible,1,CA
2018,BMW,F8X M4,29444,Clean,"Lawrenceville, GA 30044",3.0L Turbocharged I6,Rear-wheel drive,Manual (6-Speed),Coupe,Yas Marina Blue,Black,3,57524,6/24/22,https://carsandbids.com/auctions/OPhRfINu/2018-bmw-m4-coupe-competition-package-2,1,GA
2017,BMW,F8X M4,52656,Clean,"Maplewood, NJ 07040",3.0L Turbocharged I6,Rear-wheel drive,Automatic (7-Speed),Convertible,Black Sapphire Metallic,Silverstone,0,31767,9/24/25,https://carsandbids.com/auctions/ln6Eoie0/2017-bmw-m4-convertible,1,NJ
2016,BMW,F8X M4,57528,Clean,"San Antonio, TX 78216",3.0L Turbocharged I6,Rear-wheel drive,Manual (6-Speed),Coupe,Mineral Grey Metallic,Black,0,36645,8/17/21,https://carsandbids.com/auctions/LjlQM3Sc/2016-bmw-m4-coupe-3,1,TX
2016,BMW,F8X M4,25419,Clean,"Hercules, CA 94547",3.0L Turbocharged I6,Rear-wheel drive,Manual (6-Speed),Convertible,Black Sapphire Metallic,Sakhir Orange,16,41494,10/6/23,https://carsandbids.com/auctions/oo7W4mQJ/2016-bmw-m4-convertible-v2,1,CA
2020,BMW,F8X M4,27179,Clean,"Damascus, OR 97089",3.0L Turbocharged I6,Rear-wheel drive,Automatic (7-Speed),Coupe,Mineral White Metallic,Sakhir Orange,6,48901,10/28/24,https://carsandbids.com/auctions/XipN2Ig0/2020-bmw-m4-coupe-competition-package,1,OR
2019,BMW,F8X M4,4523,Clean,"Jericho, NY 11753",3.0L Turbocharged I6,Rear-wheel drive,Automatic (7-Speed),Convertible,Black Sapphire Metallic,Black,2,63668,9/13/22,https://carsandbids.com/auctions/f4Y25zyx/2018-bmw-m4-convertible-competition-package-v2,1,NY
2016,BMW,F8X M4,57118,Clean,"San Antonio, TX 78216",3.0L Turbocharged I6,Rear-wheel drive,Manual (6-Speed),Coupe,Mineral Grey Metallic,Black,0,32897,8/7/21,https://carsandbids.com/auctions/irZRiRBa/2016-bmw-m4-coupe,1,TX
2019,BMW,F8X M4,5676,Clean,"San Francisco, CA 94114",3.0L Turbocharged I6,Rear-wheel drive,Automatic (7-Speed),Coupe,Lime Rock Grey Metallic,Black,0,71532,5/28/22,https://carsandbids.com/auctions/grscAXCg/2019-bmw-m4-cs-v2,1,CA
2020,BMW,F8X M4,7612,Clean,"San Francisco, CA 94114",3.0L Turbocharged I6,Rear-wheel drive,Automatic (7-Speed),Coupe,Lime Rock Grey Metallic,Black,0,70524,6/28/22,https://carsandbids.com/auctions/avJlPGw7/2019-bmw-m4-cs,1,CA
2020,BMW,F8X M4,24656,Clean,"Damascus, OR 97089",3.0L Turbocharged I6,Rear-wheel drive,Automatic (7-Speed),Coupe,Mineral White Metallic,Sakhir Orange,6,47067,11/5/24,https://carsandbids.com/auctions/pbWvTMVT/2020-bmw-m4-coupe-competition-package-3,1,OR
2018,BMW,F8X M4,20949,Clean,"Chapel Hill, NC 27517",3.0L Turbocharged I6,Rear-wheel drive,Automatic (7-Speed),Coupe,Black Sapphire Metallic,Black,5,52874,2/14/24,https://carsandbids.com/auctions/CRNYdWCs/2018-bmw-m4-coupe-competition-package,1,NC
2018,BMW,F8X M4,37281,Clean,"Los Angeles, CA 90025",3.0L Turbocharged I6,Rear-wheel drive,Automatic (7-Speed),Coupe,Mineral Gray Metallic,Black,0,48203,2/12/26,https://carsandbids.com/auctions/HpUlwW1u/2018-bmw-m4-coupe,1,CA
2020,BMW,F8X M4,31373,Clean,"Lewisville, TX 75067",3.0L Turbocharged I6,Rear-wheel drive,Manual (6-Speed),Convertible,Mineral White Metallic,Silverstone,2,55579,9/4/24,https://carsandbids.com/auctions/8EE5GXTe/2019-bmw-m4-convertible-competition-package,1,TX
2016,BMW,F8X M4,84385,Clean,"Las Cruces, NM 88012",3.0L Turbocharged I6,Rear-wheel drive,Automatic (7-Speed),Coupe,Black Sapphire Metallic,Black,7,33991,12/8/24,https://carsandbids.com/auctions/LAQvc1v9/2016-bmw-m4-coupe-3,1,NM
2015,BMW,F8X M4,46880,Clean,"Houston, TX 77044",3.0L Turbocharged I6,Rear-wheel drive,Automatic (7-Speed),Coupe,Yas Marina Blue,Black,19,37389,8/20/24,https://carsandbids.com/auctions/Q7iLWceW/2015-bmw-m4-coupe-3,1,TX
2015,BMW,F8X M4,81924,Clean,"Daytona Beach, FL 32118",3.0L Turbocharged I6,Rear-wheel drive,Automatic (7-Speed),Convertible,Yas Marina Blue Metallic,Black,3,28245,8/21/23,https://carsandbids.com/auctions/xVJGyOph/2015-bmw-m4-convertible-2,1,FL
2016,BMW,F8X M4,71836,Clean,"Ottawa, ON, Canada",3.0L Turbocharged I6,Rear-wheel drive,Manual (6-Speed),Coupe,Black Sapphire Metallic,Silverstone,8,29391,12/3/25,https://carsandbids.com/auctions/r4Eh0C3B/2016-bmw-m4-coupe,1,ON
2017,BMW,F8X M4,73421,Clean,"Vero Beach, FL 32968",3.0L Turbocharged I6,Rear-wheel drive,Automatic (7-Speed),Convertible,Yas Marina Blue Metallic,Silverstone,0,33527,12/22/23,https://carsandbids.com/auctions/ssjRRkwn/2017-bmw-m4-convertible-competition-package-2,1,FL
2020,BMW,F8X M4,29456,Clean,"Damascus, OR 97089",3.0L Turbocharged I6,Rear-wheel drive,Automatic (7-Speed),Coupe,Mineral White Metallic,Sakhir Orange,6,46590,12/15/24,https://carsandbids.com/auctions/i2eySDzz/2020-bmw-m4-coupe-competition-package,1,OR
2015,BMW,F8X M4,52332,Clean,"Los Gatos, CA 95030",3.0L Turbocharged I6,Rear-wheel drive,Automatic (7-Speed),Coupe,Mineral Gray Metallic,Sakhir Orange,11,33095,5/3/24,https://carsandbids.com/auctions/2WNl7A4d/2015-bmw-m4-coupe,1,CA
2018,BMW,F8X M4,98752,Clean,"Union, NJ 07083",3.0L Turbocharged I6,Rear-wheel drive,Automatic (7-Speed),Coupe,Black Sapphire Metallic,Sakhir Orange,10,26214,1/28/26,https://carsandbids.com/auctions/630pNIhs/2018-bmw-m4-coupe,1,NJ
2015,BMW,F8X M4,37442,Clean,"Kissimmee, FL 34758",3.0L Turbocharged I6,Rear-wheel drive,Automatic (7-Speed),Coupe,Mineral White Metallic,Sakhir Orange/Black,7,33200,10/14/23,https://carsandbids.com/auctions/SL0IZbcN/2015-bmw-m4-coupe,1,FL
2015,BMW,F8X M4,60625,Clean,"Carmel Valley, CA 93924",3.0L Turbocharged I6,Rear-wheel drive,Automatic (7-Speed),Convertible,Alpine White,Black,1,30816,9/12/24,https://carsandbids.com/auctions/Mr7DXQse/2015-bmw-m4-convertible,1,CA
2015,BMW,F8X M4,57104,Clean,"Los Angeles, CA 90064",3.0L Turbocharged I6,Rear-wheel drive,Automatic (7-Speed),Coupe,Sakhir Orange,Black,7,42752,5/14/21,https://carsandbids.com/auctions/T18iwItC/2015-bmw-m4-coupe-3,1,CA
2015,BMW,F8X M4,71293,Clean,"Santa Monica, CA 90403",3.0L Turbocharged I6,Rear-wheel drive,Manual (6-Speed),Coupe,Black Sapphire Metallic,Anthracite,2,34903,9/12/22,https://carsandbids.com/auctions/73Y5Slj9/2015-bmw-m4-coupe-v2,1,CA
2016,BMW,F8X M4,48491,Clean,"Hendersonville, TN 37075",3.0L Turbocharged I6,Rear-wheel drive,Automatic (7-Speed),Coupe,Austin Yellow Metallic,Black,2,36591,10/23/24,https://carsandbids.com/auctions/nvdE2ODH/2016-bmw-m4-coupe-competition-package,1,TN
2016,BMW,F8X M4,52327,Clean,"Maitland, FL 32751",3.0L Turbocharged I6,Rear-wheel drive,Automatic (7-Speed),Coupe,Black Sapphire Metallic,Black,2,33569,1/14/21,https://carsandbids.com/auctions/JmIeFVr9/2016-bmw-m4-coupe-competition-package,1,FL
2016,BMW,F8X M4,19877,Clean,"San Antonio, TX 78216",3.0L Turbocharged I6,Rear-wheel drive,Automatic (7-Speed),Convertible,Mineral Gray Metallic,Sakhir Orange/Black,0,49332,7/8/22,https://carsandbids.com/auctions/wiLyccSX/2016-bmw-m4-convertible,1,TX
